Date,Close
1/2/2015 16:00,188.4
1/5/2015 16:00,185.09
1/6/2015 16:00,183.27
1/7/2015 16:00,185.56
1/8/2015 16:00,188.82
1/9/2015 16:00,187.23
1/12/2015 16:00,185.84
1/13/2015 16:00,185.35
1/14/2015 16:00,184.26
1/15/2015 16:00,182.54
1/16/2015 16:00,184.8
1/20/2015 16:00,185.26
1/21/2015 16:00,186.23
1/22/2015 16:00,189.08
1/23/2015 16:00,188.04
1/26/2015 16:00,188.41
1/27/2015 16:00,185.94
1/28/2015 16:00,183.49
1/29/2015 16:00,185.27
1/30/2015 16:00,182.99
2/2/2015 16:00,185.09
2/3/2015 16:00,187.79
2/4/2015 16:00,187.15
2/5/2015 16:00,189.05
2/6/2015 16:00,188.52
2/9/2015 16:00,187.66
2/10/2015 16:00,189.66
2/11/2015 16:00,189.79
2/12/2015 16:00,191.55
2/13/2015 16:00,192.39
2/17/2015 16:00,192.7
2/18/2015 16:00,192.74
2/19/2015 16:00,192.61
2/20/2015 16:00,193.78
2/23/2015 16:00,193.73
2/24/2015 16:00,194.3
2/25/2015 16:00,194.09
2/26/2015 16:00,193.87
2/27/2015 16:00,193.2
3/2/2015 16:00,194.47
3/3/2015 16:00,193.64
3/4/2015 16:00,192.83
3/5/2015 16:00,193.04
3/6/2015 16:00,190.31
3/9/2015 16:00,191.12
3/10/2015 16:00,187.98
3/11/2015 16:00,187.54
3/12/2015 16:00,189.96
3/13/2015 16:00,188.8
3/16/2015 16:00,191.38
3/17/2015 16:00,190.73
3/18/2015 16:00,193
3/19/2015 16:00,192.11
3/20/2015 16:00,193.85
3/23/2015 16:00,192.52
3/24/2015 16:00,191.4
3/25/2015 16:00,188.61
3/26/2015 16:00,188.14
3/27/2015 16:00,188.53
3/30/2015 16:00,190.88
3/31/2015 16:00,189.2
4/1/2015 16:00,188.59
4/2/2015 16:00,189.15
4/6/2015 16:00,190.48
4/7/2015 16:00,189.97
4/8/2015 16:00,190.66
4/9/2015 16:00,191.49
4/10/2015 16:00,192.54
4/13/2015 16:00,191.67
4/14/2015 16:00,192.02
4/15/2015 16:00,192.9
4/16/2015 16:00,192.83
4/17/2015 16:00,190.59
4/20/2015 16:00,192.33
4/21/2015 16:00,192.14
4/22/2015 16:00,193.09
4/23/2015 16:00,193.59
4/24/2015 16:00,193.98
4/27/2015 16:00,193.21
4/28/2015 16:00,193.81
4/29/2015 16:00,193.02
4/30/2015 16:00,191.1
5/1/2015 16:00,193.1
5/4/2015 16:00,193.7
5/5/2015 16:00,191.44
5/6/2015 16:00,190.67
5/7/2015 16:00,191.44
5/8/2015 16:00,193.95
5/11/2015 16:00,193.02
5/12/2015 16:00,192.46
5/13/2015 16:00,192.52
5/14/2015 16:00,194.53
5/15/2015 16:00,194.73
5/18/2015 16:00,195.33
5/19/2015 16:00,195.23
5/20/2015 16:00,195.1
5/21/2015 16:00,195.69
5/22/2015 16:00,195.26
5/26/2015 16:00,193.16
5/27/2015 16:00,194.94
5/28/2015 16:00,194.76
5/29/2015 16:00,193.49
6/1/2015 16:00,193.94
6/2/2015 16:00,193.74
6/3/2015 16:00,194.27
6/4/2015 16:00,192.69
6/5/2015 16:00,192.3
6/8/2015 16:00,191.11
6/9/2015 16:00,191.06
6/10/2015 16:00,193.33
6/11/2015 16:00,193.93
6/12/2015 16:00,192.51
6/15/2015 16:00,191.62
6/16/2015 16:00,192.74
6/17/2015 16:00,193.07
6/18/2015 16:00,194.98
6/19/2015 16:00,193.85
6/22/2015 16:00,194.27
6/23/2015 16:00,194.41
6/24/2015 16:00,193.02
6/25/2015 16:00,192.42
6/26/2015 16:00,192.42
6/29/2015 16:00,188.35
6/30/2015 16:00,188.84
7/1/2015 16:00,190.27
7/2/2015 16:00,190.13
7/6/2015 16:00,189.58
7/7/2015 16:00,190.75
7/8/2015 16:00,187.51
7/9/2015 16:00,187.85
7/10/2015 16:00,190.24
7/13/2015 16:00,192.37
7/14/2015 16:00,193.22
7/15/2015 16:00,193.14
7/16/2015 16:00,194.62
7/17/2015 16:00,194.85
7/20/2015 16:00,194.94
7/21/2015 16:00,194.17
7/22/2015 16:00,193.79
7/23/2015 16:00,192.68
7/24/2015 16:00,190.67
7/27/2015 16:00,189.59
7/28/2015 16:00,191.89
7/29/2015 16:00,193.25
7/30/2015 16:00,193.28
7/31/2015 16:00,192.95
8/3/2015 16:00,192.35
8/4/2015 16:00,191.97
8/5/2015 16:00,192.64
8/6/2015 16:00,191.17
8/7/2015 16:00,190.67
8/10/2015 16:00,193.09
8/11/2015 16:00,191.32
8/12/2015 16:00,191.49
8/13/2015 16:00,191.28
8/14/2015 16:00,192.02
8/17/2015 16:00,193.09
8/18/2015 16:00,192.5
8/19/2015 16:00,190.98
8/20/2015 16:00,186.97
8/21/2015 16:00,181.04
8/24/2015 16:00,173.66
8/25/2015 16:00,171.55
8/26/2015 16:00,178.36
8/27/2015 16:00,182.72
8/28/2015 16:00,182.72
8/31/2015 16:00,181.11
9/1/2015 16:00,175.58
9/2/2015 16:00,179.12
9/3/2015 16:00,179.27
9/4/2015 16:00,176.49
9/8/2015 16:00,181.01
9/9/2015 16:00,178.57
9/10/2015 16:00,179.57
9/11/2015 16:00,180.32
9/14/2015 16:00,179.64
9/15/2015 16:00,181.98
9/16/2015 16:00,183.57
9/17/2015 16:00,183.09
9/18/2015 16:00,180.13
9/21/2015 16:00,180.1
9/22/2015 16:00,177.75
9/23/2015 16:00,177.43
9/24/2015 16:00,176.88
9/25/2015 16:00,176.76
9/28/2015 16:00,172.31
9/29/2015 16:00,172.4
9/30/2015 16:00,175.71
10/1/2015 16:00,176.2
10/2/2015 16:00,178.75
10/5/2015 16:00,181.96
10/6/2015 16:00,181.35
10/7/2015 16:00,182.87
10/8/2015 16:00,184.48
10/9/2015 16:00,184.58
10/12/2015 16:00,184.8
10/13/2015 16:00,183.57
10/14/2015 16:00,182.71
10/15/2015 16:00,185.45
10/16/2015 16:00,186.2
10/19/2015 16:00,186.42
10/20/2015 16:00,186.18
10/21/2015 16:00,184.97
10/22/2015 16:00,188.17
10/23/2015 16:00,190.22
10/26/2015 16:00,189.77
10/27/2015 16:00,189.4
10/28/2015 16:00,191.6
10/29/2015 16:00,191.53
10/30/2015 16:00,190.56
11/2/2015 16:00,192.82
11/3/2015 16:00,193.43
11/4/2015 16:00,192.88
11/5/2015 16:00,192.64
11/6/2015 16:00,192.56
11/9/2015 16:00,190.76
11/10/2015 16:00,191.12
11/11/2015 16:00,190.39
11/12/2015 16:00,187.84
11/13/2015 16:00,185.67
11/16/2015 16:00,188.52
11/17/2015 16:00,188.29
11/18/2015 16:00,191.32
11/19/2015 16:00,191.22
11/20/2015 16:00,191.93
11/23/2015 16:00,191.71
11/24/2015 16:00,192.02
11/25/2015 16:00,191.96
11/27/2015 16:00,192.15
11/30/2015 16:00,191.37
12/1/2015 16:00,193.22
12/2/2015 16:00,191.18
12/3/2015 16:00,188.46
12/4/2015 16:00,192.16
12/7/2015 16:00,190.95
12/8/2015 16:00,189.73
12/9/2015 16:00,188.31
12/10/2015 16:00,188.74
12/11/2015 16:00,184.98
12/14/2015 16:00,186.09
12/15/2015 16:00,188.03
12/16/2015 16:00,190.67
12/17/2015 16:00,187.89
12/18/2015 16:00,184.4
12/21/2015 16:00,184.93
12/22/2015 16:00,186.6
12/23/2015 16:00,188.84
12/24/2015 16:00,188.51
12/28/2015 16:00,188.1
12/29/2015 16:00,190.2
12/30/2015 16:00,188.8
12/31/2015 16:00,186.93
1/4/2016 16:00,184.31
1/5/2016 16:00,184.64
1/6/2016 16:00,182.3
1/7/2016 16:00,177.86
1/8/2016 16:00,175.97
1/11/2016 16:00,175.99
1/12/2016 16:00,177.45
1/13/2016 16:00,173.11
1/14/2016 16:00,175.92
1/15/2016 16:00,172.15
1/19/2016 16:00,172.34
1/20/2016 16:00,170.32
1/21/2016 16:00,171.15
1/22/2016 16:00,174.66
1/25/2016 16:00,172.07
1/26/2016 16:00,174.4
1/27/2016 16:00,172.42
1/28/2016 16:00,173.36
1/29/2016 16:00,177.75
2/1/2016 16:00,177.59
2/2/2016 16:00,174.37
2/3/2016 16:00,175.39
2/4/2016 16:00,175.61
2/5/2016 16:00,172.31
2/8/2016 16:00,169.94
2/9/2016 16:00,169.99
2/10/2016 16:00,169.88
2/11/2016 16:00,167.7
2/12/2016 16:00,171.14
2/16/2016 16:00,174.01
2/17/2016 16:00,176.86
2/18/2016 16:00,176.11
2/19/2016 16:00,176.07
2/22/2016 16:00,178.59
2/23/2016 16:00,176.35
2/24/2016 16:00,177.18
2/25/2016 16:00,179.31
2/26/2016 16:00,178.98
2/29/2016 16:00,177.38
3/1/2016 16:00,181.75
3/2/2016 16:00,182.52
3/3/2016 16:00,183.19
3/4/2016 16:00,183.78
3/7/2016 16:00,183.98
3/8/2016 16:00,181.91
3/9/2016 16:00,182.91
3/10/2016 16:00,183.01
3/11/2016 16:00,185.98
3/14/2016 16:00,185.7
3/15/2016 16:00,185.46
3/16/2016 16:00,186.57
3/17/2016 16:00,187.75
3/18/2016 16:00,188.45
3/21/2016 16:00,187.73
3/22/2016 16:00,187.63
3/23/2016 16:00,186.43
3/24/2016 16:00,186.3
3/28/2016 16:00,186.43
3/29/2016 16:00,188.22
3/30/2016 16:00,189.01
3/31/2016 16:00,188.56
4/1/2016 16:00,189.77
4/4/2016 16:00,189.17
4/5/2016 16:00,187.25
4/6/2016 16:00,189.29
4/7/2016 16:00,187.06
4/8/2016 16:00,187.57
4/11/2016 16:00,187.08
4/12/2016 16:00,188.9
4/13/2016 16:00,190.79
4/14/2016 16:00,190.77
4/15/2016 16:00,190.56
4/18/2016 16:00,191.94
4/19/2016 16:00,192.52
4/20/2016 16:00,192.68
4/21/2016 16:00,191.61
4/22/2016 16:00,191.66
4/25/2016 16:00,191.35
4/26/2016 16:00,191.63
4/27/2016 16:00,192.03
4/28/2016 16:00,190.3
4/29/2016 16:00,189.22
5/2/2016 16:00,190.73
5/3/2016 16:00,189.1
5/4/2016 16:00,187.99
5/5/2016 16:00,187.97
5/6/2016 16:00,188.65
5/9/2016 16:00,188.85
5/10/2016 16:00,191.19
5/11/2016 16:00,189.4
5/12/2016 16:00,189.51
5/13/2016 16:00,187.76
5/16/2016 16:00,189.63
5/17/2016 16:00,187.96
5/18/2016 16:00,187.93
5/19/2016 16:00,187.32
5/20/2016 16:00,188.49
5/23/2016 16:00,188.24
5/24/2016 16:00,190.63
5/25/2016 16:00,191.93
5/26/2016 16:00,192.02
5/27/2016 16:00,192.77
5/31/2016 16:00,192.54
6/1/2016 16:00,192.9
6/2/2016 16:00,193.48
6/3/2016 16:00,192.92
6/6/2016 16:00,193.85
6/7/2016 16:00,194.2
6/8/2016 16:00,194.84
6/9/2016 16:00,194.54
6/10/2016 16:00,192.67
6/13/2016 16:00,191.22
6/14/2016 16:00,190.8
6/15/2016 16:00,190.52
6/16/2016 16:00,191.14
6/17/2016 16:00,190.43
6/20/2016 16:00,191.65
6/21/2016 16:00,191.24
6/22/2016 16:00,190.92
6/23/2016 16:00,193.39
6/24/2016 16:00,186.56
6/27/2016 16:00,183.05
6/28/2016 16:00,186.43
6/29/2016 16:00,189.64
6/30/2016 16:00,192.2
7/1/2016 16:00,192.6
7/5/2016 16:00,191.25
7/6/2016 16:00,192.38
7/7/2016 16:00,192.25
7/8/2016 16:00,195.17
7/11/2016 16:00,195.85
7/12/2016 16:00,197.23
7/13/2016 16:00,197.16
7/14/2016 16:00,198.31
7/15/2016 16:00,198.01
7/18/2016 16:00,198.58
7/19/2016 16:00,198.36
7/20/2016 16:00,199.16
7/21/2016 16:00,198.41
7/22/2016 16:00,199.33
7/25/2016 16:00,198.85
7/26/2016 16:00,198.84
7/27/2016 16:00,198.71
7/28/2016 16:00,198.93
7/29/2016 16:00,199.28
8/1/2016 16:00,199.05
8/2/2016 16:00,197.81
8/3/2016 16:00,198.38
8/4/2016 16:00,198.57
8/5/2016 16:00,200.17
8/8/2016 16:00,200.07
8/9/2016 16:00,200.2
8/10/2016 16:00,199.69
8/11/2016 16:00,200.67
8/12/2016 16:00,200.47
8/15/2016 16:00,201.05
8/16/2016 16:00,200.01
8/17/2016 16:00,200.34
8/18/2016 16:00,200.82
8/19/2016 16:00,200.54
8/22/2016 16:00,200.52
8/23/2016 16:00,200.89
8/24/2016 16:00,199.92
8/25/2016 16:00,199.76
8/26/2016 16:00,199.38
8/29/2016 16:00,200.39
8/30/2016 16:00,200.01
8/31/2016 16:00,199.52
9/1/2016 16:00,199.48
9/2/2016 16:00,200.37
9/6/2016 16:00,201
9/7/2016 16:00,200.99
9/8/2016 16:00,200.52
9/9/2016 16:00,195.68
9/12/2016 16:00,198.48
9/13/2016 16:00,194.78
9/14/2016 16:00,194.66
9/15/2016 16:00,196.66
9/16/2016 16:00,195.89
9/19/2016 16:00,195.95
9/20/2016 16:00,195.97
9/21/2016 16:00,198.17
9/22/2016 16:00,199.36
9/23/2016 16:00,198.29
9/26/2016 16:00,196.71
9/27/2016 16:00,197.91
9/28/2016 16:00,198.98
9/29/2016 16:00,197.11
9/30/2016 16:00,198.69
10/3/2016 16:00,198.06
10/4/2016 16:00,197.14
10/5/2016 16:00,197.96
10/6/2016 16:00,198.19
10/7/2016 16:00,197.46
10/10/2016 16:00,198.37
10/11/2016 16:00,195.96
10/12/2016 16:00,196.21
10/13/2016 16:00,195.58
10/14/2016 16:00,195.63
10/17/2016 16:00,195.05
10/18/2016 16:00,196.2
10/19/2016 16:00,196.74
10/20/2016 16:00,196.42
10/21/2016 16:00,196.47
10/24/2016 16:00,197.27
10/25/2016 16:00,196.71
10/26/2016 16:00,196.27
10/27/2016 16:00,195.75
10/28/2016 16:00,195.13
10/31/2016 16:00,195.13
11/1/2016 16:00,193.77
11/2/2016 16:00,192.49
11/3/2016 16:00,191.74
11/4/2016 16:00,191.48
11/7/2016 16:00,195.68
11/8/2016 16:00,196.58
11/9/2016 16:00,198.68
11/10/2016 16:00,199.14
11/11/2016 16:00,198.77
11/14/2016 16:00,198.8
11/15/2016 16:00,200.41
11/16/2016 16:00,200.07
11/17/2016 16:00,201.02
11/18/2016 16:00,200.66
11/21/2016 16:00,202.14
11/22/2016 16:00,202.51
11/23/2016 16:00,202.69
11/25/2016 16:00,203.5
11/28/2016 16:00,202.54
11/29/2016 16:00,202.86
11/30/2016 16:00,202.4
12/1/2016 16:00,201.61
12/2/2016 16:00,201.75
12/5/2016 16:00,202.91
12/6/2016 16:00,203.62
12/7/2016 16:00,206.2
12/8/2016 16:00,206.74
12/9/2016 16:00,208
12/12/2016 16:00,207.77
12/13/2016 16:00,209.19
12/14/2016 16:00,207.46
12/15/2016 16:00,208.23
12/16/2016 16:00,207.87
12/19/2016 16:00,208.34
12/20/2016 16:00,209.14
12/21/2016 16:00,208.57
12/22/2016 16:00,207.01
12/23/2016 16:00,207.19
12/27/2016 16:00,207.7
12/28/2016 16:00,206.06
12/29/2016 16:00,206.02
12/30/2016 16:00,205.31
1/3/2017 16:00,206.74
1/4/2017 16:00,207.96
1/5/2017 16:00,207.8
1/6/2017 16:00,208.61
1/9/2017 16:00,207.95
1/10/2017 16:00,207.92
1/11/2017 16:00,208.51
1/12/2017 16:00,208.05
1/13/2017 16:00,208.46
1/17/2017 16:00,207.72
1/18/2017 16:00,208.16
1/19/2017 16:00,207.46
1/20/2017 16:00,208.13
1/23/2017 16:00,207.65
1/24/2017 16:00,208.97
1/25/2017 16:00,210.71
1/26/2017 16:00,210.55
1/27/2017 16:00,210.25
1/30/2017 16:00,208.98
1/31/2017 16:00,208.97
2/1/2017 16:00,209
2/2/2017 16:00,209.09
2/3/2017 16:00,210.64
2/6/2017 16:00,210.2
2/7/2017 16:00,210.25
2/8/2017 16:00,210.52
2/9/2017 16:00,211.72
2/10/2017 16:00,212.57
2/13/2017 16:00,213.7
2/14/2017 16:00,214.59
2/15/2017 16:00,215.68
2/16/2017 16:00,215.51
2/17/2017 16:00,215.84
2/21/2017 16:00,217.11
2/22/2017 16:00,217.01
2/23/2017 16:00,217.13
2/24/2017 16:00,217.39
2/27/2017 16:00,217.71
2/28/2017 16:00,217.07
3/1/2017 16:00,220.15
3/2/2017 16:00,218.86
3/3/2017 16:00,218.98
3/6/2017 16:00,218.3
3/7/2017 16:00,217.64
3/8/2017 16:00,217.18
3/9/2017 16:00,217.41
3/10/2017 16:00,218.17
3/13/2017 16:00,218.3
3/14/2017 16:00,217.56
3/15/2017 16:00,219.37
3/16/2017 16:00,219
3/17/2017 16:00,218.56
3/20/2017 16:00,218.33
3/21/2017 16:00,215.58
3/22/2017 16:00,215.02
3/23/2017 16:00,214.8
3/24/2017 16:00,214.73
3/27/2017 16:00,214.38
3/28/2017 16:00,215.97
3/29/2017 16:00,216.29
3/30/2017 16:00,216.87
3/31/2017 16:00,216.35
4/3/2017 16:00,216.08
4/4/2017 16:00,216.2
4/5/2017 16:00,215.54
4/6/2017 16:00,216.1
4/7/2017 16:00,215.91
4/10/2017 16:00,216.06
4/11/2017 16:00,215.79
4/12/2017 16:00,214.9
4/13/2017 16:00,213.47
4/17/2017 16:00,215.34
4/18/2017 16:00,214.75
4/19/2017 16:00,214.28
4/20/2017 16:00,216.03
4/21/2017 16:00,215.4
4/24/2017 16:00,217.7
4/25/2017 16:00,219.01
4/26/2017 16:00,218.85
4/27/2017 16:00,219.02
4/28/2017 16:00,218.6
5/1/2017 16:00,219.13
5/2/2017 16:00,219.2
5/3/2017 16:00,218.98
5/4/2017 16:00,219.18
5/5/2017 16:00,220.06
5/8/2017 16:00,220.07
5/9/2017 16:00,219.79
5/10/2017 16:00,220.2
5/11/2017 16:00,219.75
5/12/2017 16:00,219.41
5/15/2017 16:00,220.52
5/16/2017 16:00,220.48
5/17/2017 16:00,216.57
5/18/2017 16:00,217.36
5/19/2017 16:00,218.71
5/22/2017 16:00,219.93
5/23/2017 16:00,220.36
5/24/2017 16:00,220.89
5/25/2017 16:00,221.92
5/26/2017 16:00,221.93
5/30/2017 16:00,221.72
5/31/2017 16:00,221.67
6/1/2017 16:00,223.4
6/2/2017 16:00,224.1
6/5/2017 16:00,223.95
6/6/2017 16:00,223.31
6/7/2017 16:00,223.68
6/8/2017 16:00,223.76
6/9/2017 16:00,223.5
6/12/2017 16:00,223.41
6/13/2017 16:00,224.5
6/14/2017 16:00,224.26
6/15/2017 16:00,223.81
6/16/2017 16:00,223.87
6/19/2017 16:00,225.7
6/20/2017 16:00,224.22
6/21/2017 16:00,224.13
6/22/2017 16:00,224
6/23/2017 16:00,223.37
6/26/2017 16:00,223.44
6/27/2017 16:00,221.66
6/28/2017 16:00,223.62
6/29/2017 16:00,221.69
6/30/2017 16:00,222.06
7/3/2017 16:00,222.55
7/5/2017 16:00,222.94
7/6/2017 16:00,220.94
7/7/2017 16:00,222.34
7/10/2017 16:00,222.57
7/11/2017 16:00,222.4
7/12/2017 16:00,224.07
7/13/2017 16:00,224.45
7/14/2017 16:00,225.47
7/17/2017 16:00,225.5
7/18/2017 16:00,225.67
7/19/2017 16:00,226.86
7/20/2017 16:00,226.93
7/21/2017 16:00,226.77
7/24/2017 16:00,226.69
7/25/2017 16:00,227.23
7/26/2017 16:00,227.3
7/27/2017 16:00,227.03
7/28/2017 16:00,226.77
7/31/2017 16:00,226.64
8/1/2017 16:00,227.15
8/2/2017 16:00,227.28
8/3/2017 16:00,226.88
8/4/2017 16:00,227.26
8/7/2017 16:00,227.63
8/8/2017 16:00,227.18
8/9/2017 16:00,227.05
8/10/2017 16:00,223.93
8/11/2017 16:00,224.23
8/14/2017 16:00,226.43
8/15/2017 16:00,226.45
8/16/2017 16:00,226.81
8/17/2017 16:00,223.28
8/18/2017 16:00,222.87
8/21/2017 16:00,223.14
8/22/2017 16:00,225.4
8/23/2017 16:00,224.63
8/24/2017 16:00,224.11
8/25/2017 16:00,224.6
8/28/2017 16:00,224.68
8/29/2017 16:00,224.85
8/30/2017 16:00,225.97
8/31/2017 16:00,227.3
9/1/2017 16:00,227.69
9/5/2017 16:00,226.01
9/6/2017 16:00,226.8
9/7/2017 16:00,226.75
9/8/2017 16:00,226.4
9/11/2017 16:00,228.87
9/12/2017 16:00,229.71
9/13/2017 16:00,229.85
9/14/2017 16:00,229.77
9/15/2017 16:00,230.09
9/18/2017 16:00,230.49
9/19/2017 16:00,230.77
9/20/2017 16:00,229.72
9/21/2017 16:00,229.07
9/22/2017 16:00,229.04
9/25/2017 16:00,228.7
9/26/2017 16:00,228.78
9/27/2017 16:00,229.67
9/28/2017 16:00,229.94
9/29/2017 16:00,230.76
10/2/2017 16:00,231.73
10/3/2017 16:00,232.2
10/4/2017 16:00,232.52
10/5/2017 16:00,233.9
10/6/2017 16:00,233.68
10/9/2017 16:00,233.27
10/10/2017 16:00,233.86
10/11/2017 16:00,234.24
10/12/2017 16:00,233.88
10/13/2017 16:00,234.14
10/16/2017 16:00,234.51
10/17/2017 16:00,234.66
10/18/2017 16:00,234.87
10/19/2017 16:00,234.99
10/20/2017 16:00,236.16
10/23/2017 16:00,235.3
10/24/2017 16:00,235.63
10/25/2017 16:00,234.5
10/26/2017 16:00,234.72
10/27/2017 16:00,236.72
10/30/2017 16:00,235.86
10/31/2017 16:00,236.13
11/1/2017 16:00,236.54
11/2/2017 16:00,236.64
11/3/2017 16:00,237.43
11/6/2017 16:00,237.79
11/7/2017 16:00,237.69
11/8/2017 16:00,238.04
11/9/2017 16:00,237.18
11/10/2017 16:00,237.04
11/13/2017 16:00,237.32
11/14/2017 16:00,236.74
11/15/2017 16:00,235.53
11/16/2017 16:00,237.54
11/17/2017 16:00,236.9
11/20/2017 16:00,237.21
11/21/2017 16:00,238.79
11/22/2017 16:00,238.62
11/24/2017 16:00,239.12
11/27/2017 16:00,239.05
11/28/2017 16:00,241.42
11/29/2017 16:00,241.33
11/30/2017 16:00,243.35
12/1/2017 16:00,242.9
12/4/2017 16:00,242.64
12/5/2017 16:00,241.78
12/6/2017 16:00,241.77
12/7/2017 16:00,242.57
12/8/2017 16:00,243.89
12/11/2017 16:00,244.68
12/12/2017 16:00,245.1
12/13/2017 16:00,245.04
12/14/2017 16:00,244.07
12/15/2017 16:00,246.12
12/18/2017 16:00,247.65
12/19/2017 16:00,246.75
12/20/2017 16:00,246.56
12/21/2017 16:00,247.06
12/22/2017 16:00,247.01
12/26/2017 16:00,245.54
12/27/2017 16:00,245.68
12/28/2017 16:00,246.14
12/29/2017 16:00,245.29
1/2/2018 16:00,247.09
1/3/2018 16:00,248.56
1/4/2018 16:00,249.65
1/5/2018 16:00,251.25
1/8/2018 16:00,251.77
1/9/2018 16:00,252.3
1/10/2018 16:00,251.87
1/11/2018 16:00,253.73
1/12/2018 16:00,255.41
1/16/2018 16:00,254.48
1/17/2018 16:00,256.94
1/18/2018 16:00,256.59
1/19/2018 16:00,257.68
1/22/2018 16:00,259.75
1/23/2018 16:00,260.34
1/24/2018 16:00,260.21
1/25/2018 16:00,260.33
1/26/2018 16:00,263.36
1/29/2018 16:00,261.54
1/30/2018 16:00,258.75
1/31/2018 16:00,258.99
2/1/2018 16:00,258.73
2/2/2018 16:00,253.19
2/5/2018 16:00,242.79
2/6/2018 16:00,247.28
2/7/2018 16:00,245.93
2/8/2018 16:00,236.79
2/9/2018 16:00,240.44
2/12/2018 16:00,243.74
2/13/2018 16:00,244.56
2/14/2018 16:00,247.76
2/15/2018 16:00,250.97
2/16/2018 16:00,250.94
2/20/2018 16:00,249.42
2/21/2018 16:00,248.11
2/22/2018 16:00,248.41
2/23/2018 16:00,252.49
2/26/2018 16:00,255.4
2/27/2018 16:00,252.14
2/28/2018 16:00,249.34
3/1/2018 16:00,246.05
3/2/2018 16:00,247.36
3/5/2018 16:00,250.2
3/6/2018 16:00,250.83
3/7/2018 16:00,250.72
3/8/2018 16:00,251.89
3/9/2018 16:00,256.25
3/12/2018 16:00,256
3/13/2018 16:00,254.31
3/14/2018 16:00,252.97
3/15/2018 16:00,252.73
3/16/2018 16:00,252.99
3/19/2018 16:00,249.61
3/20/2018 16:00,250.05
3/21/2018 16:00,249.47
3/22/2018 16:00,243.27
3/23/2018 16:00,238.09
3/26/2018 16:00,243.53
3/27/2018 16:00,239.31
3/28/2018 16:00,238.64
3/29/2018 16:00,242.08
4/2/2018 16:00,236.48
4/3/2018 16:00,239.48
4/4/2018 16:00,242.24
4/5/2018 16:00,243.99
4/6/2018 16:00,238.62
4/9/2018 16:00,239.59
4/10/2018 16:00,243.54
4/11/2018 16:00,242.25
4/12/2018 16:00,244.28
4/13/2018 16:00,243.6
4/16/2018 16:00,245.58
4/17/2018 16:00,248.22
4/18/2018 16:00,248.36
4/19/2018 16:00,247
4/20/2018 16:00,245
4/23/2018 16:00,244.89
4/24/2018 16:00,241.55
4/25/2018 16:00,242.17
4/26/2018 16:00,244.66
4/27/2018 16:00,244.92
4/30/2018 16:00,242.92
5/1/2018 16:00,243.44
5/2/2018 16:00,241.78
5/3/2018 16:00,241.21
5/4/2018 16:00,244.41
5/7/2018 16:00,245.17
5/8/2018 16:00,245.16
5/9/2018 16:00,247.54
5/10/2018 16:00,249.86
5/11/2018 16:00,250.47
5/14/2018 16:00,250.75
5/15/2018 16:00,249.03
5/16/2018 16:00,250.09
5/17/2018 16:00,249.88
5/18/2018 16:00,249.26
5/21/2018 16:00,251.09
5/22/2018 16:00,250.37
5/23/2018 16:00,251.15
5/24/2018 16:00,250.67
5/25/2018 16:00,250.04
5/29/2018 16:00,247.15
5/30/2018 16:00,250.41
5/31/2018 16:00,248.79
6/1/2018 16:00,251.41
6/4/2018 16:00,252.52
6/5/2018 16:00,252.87
6/6/2018 16:00,254.89
6/7/2018 16:00,254.77
6/8/2018 16:00,255.57
6/11/2018 16:00,255.9
6/12/2018 16:00,256.33
6/13/2018 16:00,255.31
6/14/2018 16:00,256.05
6/15/2018 16:00,255.83
6/18/2018 16:00,255.22
6/19/2018 16:00,254.25
6/20/2018 16:00,254.71
6/21/2018 16:00,253.12
6/22/2018 16:00,253.57
6/25/2018 16:00,250.06
6/26/2018 16:00,250.61
6/27/2018 16:00,248.53
6/28/2018 16:00,248.88
6/29/2018 16:00,249.51
7/2/2018 16:00,249.8
7/3/2018 13:00,248.79
7/5/2018 16:00,250.92
7/6/2018 16:00,253.01
7/9/2018 16:00,255.25
7/10/2018 16:00,256.14
7/11/2018 16:00,254.39
7/12/2018 16:00,256.57
7/13/2018 16:00,256.79
7/16/2018 16:00,256.63
7/17/2018 16:00,257.73
7/18/2018 16:00,258.2
7/19/2018 16:00,257.22
7/20/2018 16:00,256.98
7/23/2018 16:00,257.47
7/24/2018 16:00,258.68
7/25/2018 16:00,261.05
7/26/2018 16:00,260.28
7/27/2018 16:00,258.59
7/30/2018 16:00,257.1
7/31/2018 16:00,258.4
8/1/2018 16:00,258.08
8/2/2018 16:00,259.39
8/3/2018 16:00,260.66
8/6/2018 16:00,261.64
8/7/2018 16:00,262.37
8/8/2018 16:00,262.23
8/9/2018 16:00,261.9
8/10/2018 16:00,260.12
8/13/2018 16:00,259.14
8/14/2018 16:00,260.81
8/15/2018 16:00,258.89
8/16/2018 16:00,260.99
8/17/2018 16:00,261.86
8/20/2018 16:00,262.44
8/21/2018 16:00,263.01
8/22/2018 16:00,262.93
8/23/2018 16:00,262.55
8/24/2018 16:00,264.2
8/27/2018 16:00,266.19
8/28/2018 16:00,266.34
8/29/2018 16:00,267.8
8/30/2018 16:00,266.71
8/31/2018 16:00,266.72
9/4/2018 16:00,266.35
9/5/2018 16:00,265.6
9/6/2018 16:00,264.82
9/7/2018 16:00,264.18
9/10/2018 16:00,264.68
9/11/2018 16:00,265.68
9/12/2018 16:00,265.71
9/13/2018 16:00,267.22
9/14/2018 16:00,267.36
9/17/2018 16:00,265.85
9/18/2018 16:00,267.3
9/19/2018 16:00,267.6
9/20/2018 16:00,269.75
9/21/2018 16:00,269.56
9/24/2018 16:00,268.66
9/25/2018 16:00,268.33
9/26/2018 16:00,266.34
9/27/2018 16:00,267.08
9/28/2018 16:00,267.05
10/1/2018 16:00,268.04
10/2/2018 16:00,268.01
10/3/2018 16:00,268.24
10/4/2018 16:00,266.04
10/5/2018 16:00,264.54
10/8/2018 16:00,264.47
10/9/2018 16:00,264.13
10/10/2018 16:00,255.6
10/11/2018 16:00,250.22
10/12/2018 16:00,253.6
10/15/2018 16:00,252.21
10/16/2018 16:00,257.58
10/17/2018 16:00,257.67
10/18/2018 16:00,254.05
10/19/2018 16:00,253.85
10/22/2018 16:00,252.8
10/23/2018 16:00,251.28
10/24/2018 16:00,243.78
10/25/2018 16:00,248.15
10/26/2018 16:00,243.76
10/29/2018 16:00,242.5
10/30/2018 16:00,246.21
10/31/2018 16:00,248.79
11/1/2018 16:00,251.37
11/2/2018 16:00,249.81
11/5/2018 16:00,251.23
11/6/2018 16:00,252.82
11/7/2018 16:00,258.16
11/8/2018 16:00,257.72
11/9/2018 16:00,255.34
11/12/2018 16:00,250.41
11/13/2018 16:00,249.99
11/14/2018 16:00,248.28
11/15/2018 16:00,250.85
11/16/2018 16:00,251.49
11/19/2018 16:00,247.32
11/20/2018 16:00,242.77
11/21/2018 16:00,243.58
11/23/2018 13:00,242.01
11/26/2018 16:00,245.8
11/27/2018 16:00,246.57
11/28/2018 16:00,252.33
11/29/2018 16:00,251.81
11/30/2018 16:00,253.48
12/3/2018 16:00,256.61
12/4/2018 16:00,248.65
12/6/2018 16:00,248.02
12/7/2018 16:00,242.26
12/10/2018 16:00,242.55
12/11/2018 16:00,242.62
12/12/2018 16:00,243.96
12/13/2018 16:00,243.88
12/14/2018 16:00,239.38
12/17/2018 16:00,233.23
12/18/2018 16:00,233.14
12/19/2018 16:00,229.42
12/20/2018 16:00,225.65
12/21/2018 16:00,221.16
12/24/2018 13:00,215.07
12/26/2018 16:00,225.95
12/27/2018 16:00,228.05
12/28/2018 16:00,227.76
12/31/2018 16:00,229.81
1/2/2019 16:00,229.99
1/3/2019 16:00,224.5
1/4/2019 16:00,231.91
1/7/2019 16:00,233.65
1/8/2019 16:00,235.92
1/9/2019 16:00,237.01
1/10/2019 16:00,238
1/11/2019 16:00,237.89
1/14/2019 16:00,236.58
1/15/2019 16:00,239.35
1/16/2019 16:00,239.88
1/17/2019 16:00,241.67
1/18/2019 16:00,244.92
1/22/2019 16:00,241.66
1/23/2019 16:00,242.02
1/24/2019 16:00,242.26
1/25/2019 16:00,244.32
1/28/2019 16:00,242.43
1/29/2019 16:00,242.13
1/30/2019 16:00,245.96
1/31/2019 16:00,248.01
2/1/2019 16:00,248.22
2/4/2019 16:00,249.99
2/5/2019 16:00,251.1
2/6/2019 16:00,250.79
2/7/2019 16:00,248.33
2/8/2019 16:00,248.65
2/11/2019 16:00,248.78
2/12/2019 16:00,252
2/13/2019 16:00,252.76
2/14/2019 16:00,252.2
2/15/2019 16:00,254.98
2/19/2019 16:00,255.42
2/20/2019 16:00,256.01
2/21/2019 16:00,255.08
2/22/2019 16:00,256.61
2/25/2019 16:00,256.99
2/26/2019 16:00,256.8
2/27/2019 16:00,256.67
2/28/2019 16:00,256.07
3/1/2019 16:00,257.83
3/4/2019 16:00,256.84
3/5/2019 16:00,256.54
3/6/2019 16:00,254.9
3/7/2019 16:00,252.85
3/8/2019 16:00,252.34
3/11/2019 16:00,256.02
3/12/2019 16:00,256.93
3/13/2019 16:00,258.68
3/14/2019 16:00,258.59
3/15/2019 16:00,259.85
3/18/2019 16:00,260.78
3/19/2019 16:00,260.86
3/20/2019 16:00,259.93
3/21/2019 16:00,261.43
3/22/2019 16:00,256.46
3/25/2019 16:00,256.23
3/26/2019 16:00,258.08
3/27/2019 16:00,256.88
3/28/2019 16:00,257.88
3/29/2019 16:00,259.54
4/1/2019 16:00,262.53
4/2/2019 16:00,262.62
4/3/2019 16:00,263.11
4/4/2019 16:00,263.74
4/5/2019 16:00,265.01
4/8/2019 16:00,265.24
4/9/2019 16:00,263.83
4/10/2019 16:00,264.74
4/11/2019 16:00,264.69
4/12/2019 16:00,266.48
4/15/2019 16:00,266.3
4/16/2019 16:00,266.49
4/17/2019 16:00,265.84
4/18/2019 16:00,266.34
4/22/2019 16:00,266.6
4/23/2019 16:00,268.9
4/24/2019 16:00,268.37
4/25/2019 16:00,268.27
4/26/2019 16:00,269.5
4/29/2019 16:00,269.84
4/30/2019 16:00,270.01
5/1/2019 16:00,268.04
5/2/2019 16:00,267.51
5/3/2019 16:00,270.05
5/6/2019 16:00,268.98
5/7/2019 16:00,264.62
5/8/2019 16:00,264.1
5/9/2019 16:00,263.29
5/10/2019 16:00,264.52
5/13/2019 16:00,258.03
5/14/2019 16:00,260.27
5/15/2019 16:00,261.81
5/16/2019 16:00,264.21
5/17/2019 16:00,262.61
5/20/2019 16:00,260.82
5/21/2019 16:00,263.03
5/22/2019 16:00,262.31
5/23/2019 16:00,259.24
5/24/2019 16:00,259.69
5/28/2019 16:00,257.36
5/29/2019 16:00,255.59
5/30/2019 16:00,256.3
5/31/2019 16:00,252.87
6/3/2019 16:00,252.12
6/4/2019 16:00,257.67
6/5/2019 16:00,259.85
6/6/2019 16:00,261.54
6/7/2019 16:00,264.15
6/10/2019 16:00,265.39
6/11/2019 16:00,265.34
6/12/2019 16:00,264.84
6/13/2019 16:00,266.02
6/14/2019 16:00,265.62
6/17/2019 16:00,265.86
6/18/2019 16:00,268.51
6/19/2019 16:00,269.22
6/20/2019 16:00,271.73
6/21/2019 16:00,271.41
6/24/2019 16:00,271.06
6/25/2019 16:00,268.38
6/26/2019 16:00,268.12
6/27/2019 16:00,267.67
6/28/2019 16:00,269.15
7/1/2019 16:00,271.44
7/2/2019 16:00,272.23
7/3/2019 13:00,274.32
7/5/2019 16:00,273.97
7/8/2019 16:00,272.6
7/9/2019 16:00,272.94
7/10/2019 16:00,274.21
7/11/2019 16:00,274.76
7/12/2019 16:00,276.11
7/15/2019 16:00,276.18
7/16/2019 16:00,275.28
7/17/2019 16:00,273.42
7/18/2019 16:00,274.42
7/19/2019 16:00,272.95
7/22/2019 16:00,273.61
7/23/2019 16:00,275.49
7/24/2019 16:00,276.76
7/25/2019 16:00,275.41
7/26/2019 16:00,277.38
7/29/2019 16:00,276.88
7/30/2019 16:00,276.21
7/31/2019 16:00,273.08
8/1/2019 16:00,270.79
8/2/2019 16:00,268.81
8/5/2019 16:00,260.88
8/6/2019 16:00,264.24
8/7/2019 16:00,264.42
8/8/2019 16:00,269.58
8/9/2019 16:00,267.7
8/12/2019 16:00,264.56
8/13/2019 16:00,268.66
8/14/2019 16:00,260.57
8/15/2019 16:00,261.39
8/16/2019 16:00,265.22
8/19/2019 16:00,268.48
8/20/2019 16:00,266.4
8/21/2019 16:00,268.56
8/22/2019 16:00,268.46
8/23/2019 16:00,261.57
8/26/2019 16:00,264.47
8/27/2019 16:00,263.43
8/28/2019 16:00,265.26
8/29/2019 16:00,268.71
8/30/2019 16:00,268.6
9/3/2019 16:00,267.11
9/4/2019 16:00,269.97
9/5/2019 16:00,273.54
9/6/2019 16:00,273.74
9/9/2019 16:00,273.81
9/10/2019 16:00,273.87
9/11/2019 16:00,275.84
9/12/2019 16:00,276.65
9/13/2019 16:00,276.58
9/16/2019 16:00,275.67
9/17/2019 16:00,276.42
9/18/2019 16:00,276.59
9/19/2019 16:00,276.53
9/20/2019 16:00,275.05
9/23/2019 16:00,275.24
9/24/2019 16:00,272.96
9/25/2019 16:00,274.63
9/26/2019 16:00,272.79
9/27/2019 16:00,271.26
9/30/2019 16:00,272.6
10/1/2019 16:00,269.32
10/2/2019 16:00,264.57
10/3/2019 16:00,266.67
10/4/2019 16:00,270.37
10/7/2019 16:00,269.21
10/8/2019 16:00,265.03
10/9/2019 16:00,267.5
10/10/2019 16:00,269.32
10/11/2019 16:00,272.13
10/14/2019 16:00,271.88
10/15/2019 16:00,274.51
10/16/2019 16:00,274.08
10/17/2019 16:00,274.82
10/18/2019 16:00,273.69
10/21/2019 16:00,275.6
10/22/2019 16:00,274.63
10/23/2019 16:00,275.44
10/24/2019 16:00,275.89
10/25/2019 16:00,277.04
10/28/2019 16:00,278.65
10/29/2019 16:00,278.47
10/30/2019 16:00,279.45
10/31/2019 16:00,278.55
11/1/2019 16:00,281.2
11/4/2019 16:00,282.32
11/5/2019 16:00,281.96
11/6/2019 16:00,282.11
11/7/2019 16:00,283.11
11/8/2019 16:00,283.8
11/11/2019 16:00,283.25
11/12/2019 16:00,283.81
11/13/2019 16:00,283.93
11/14/2019 16:00,284.31
11/15/2019 16:00,286.43
11/18/2019 16:00,286.61
11/19/2019 16:00,286.47
11/20/2019 16:00,285.46
11/21/2019 16:00,285.02
11/22/2019 16:00,285.65
11/25/2019 16:00,287.82
11/26/2019 16:00,288.4
11/27/2019 16:00,289.76
11/29/2019 13:00,288.65
12/2/2019 16:00,286.3
12/3/2019 16:00,284.29
12/4/2019 16:00,286.11
12/5/2019 16:00,286.64
12/6/2019 16:00,289.19
12/9/2019 16:00,288.31
12/10/2019 16:00,288.04
12/11/2019 16:00,288.79
12/12/2019 16:00,291.33
12/13/2019 16:00,291.44
12/16/2019 16:00,293.5
12/17/2019 16:00,293.56
12/18/2019 16:00,293.58
12/19/2019 16:00,294.8
12/20/2019 16:00,296.3
12/23/2019 16:00,295.16
12/24/2019 13:00,295.16
12/26/2019 16:00,296.67
12/27/2019 16:00,296.67
12/30/2019 16:00,295.04
12/31/2019 16:00,295.8
1/2/2020 16:00,298.42
1/3/2020 16:00,296.24
1/6/2020 16:00,297.35
1/7/2020 16:00,296.53
1/8/2020 16:00,298.06
1/9/2020 16:00,300.12
1/10/2020 16:00,299.26
1/13/2020 16:00,301.24
1/14/2020 16:00,300.84
1/15/2020 16:00,301.51
1/16/2020 16:00,304.03
1/17/2020 16:00,305.06
1/21/2020 16:00,304.43
1/22/2020 16:00,304.51
1/23/2020 16:00,304.81
1/24/2020 16:00,302.03
1/27/2020 16:00,297.23
1/28/2020 16:00,300.45
1/29/2020 16:00,300.15
1/30/2020 16:00,301.09
1/31/2020 16:00,295.69
2/3/2020 16:00,297.84
2/4/2020 16:00,302.43
2/5/2020 16:00,305.85
2/6/2020 16:00,306.89
2/7/2020 16:00,305.33
2/10/2020 16:00,307.52
2/11/2020 16:00,308.08
2/12/2020 16:00,310.06
2/13/2020 16:00,309.76
2/14/2020 16:00,310.28
2/18/2020 16:00,309.43
2/19/2020 16:00,310.92
2/20/2020 16:00,309.7
2/21/2020 16:00,306.49
2/24/2020 16:00,296.24
2/25/2020 16:00,287.34
2/26/2020 16:00,286.07
2/27/2020 16:00,273.39
2/28/2020 16:00,271.74
3/2/2020 16:00,283.87
3/3/2020 16:00,276.04
3/4/2020 16:00,287.48
3/5/2020 16:00,277.85
3/6/2020 16:00,273.19
3/9/2020 16:00,252.11
3/10/2020 16:00,263.81
3/11/2020 16:00,250.73
3/12/2020 16:00,226.48
3/13/2020 16:00,247.64
3/16/2020 16:00,218.57
3/17/2020 16:00,232.88
3/18/2020 16:00,220.15
3/19/2020 16:00,220.34
3/20/2020 16:00,210.74
3/23/2020 16:00,204.27
3/24/2020 16:00,223.75
3/25/2020 16:00,226.62
3/26/2020 16:00,240.24
3/27/2020 16:00,232.86
3/30/2020 16:00,240.39
3/31/2020 16:00,236.82
4/1/2020 16:00,226.15
4/2/2020 16:00,231.44
4/3/2020 16:00,228.02
4/6/2020 16:00,243.53
4/7/2020 16:00,243.66
4/8/2020 16:00,251.93
4/9/2020 16:00,255.67
4/13/2020 16:00,253.19
4/14/2020 16:00,260.92
4/15/2020 16:00,255.24
4/16/2020 16:00,256.53
4/17/2020 16:00,263.61
4/20/2020 16:00,258.86
4/21/2020 16:00,250.95
4/22/2020 16:00,256.47
4/23/2020 16:00,256.42
4/24/2020 16:00,260.14
4/27/2020 16:00,263.9
4/28/2020 16:00,262.68
4/29/2020 16:00,269.45
4/30/2020 16:00,267.1
5/1/2020 16:00,259.82
5/4/2020 16:00,260.64
5/5/2020 16:00,263.04
5/6/2020 16:00,261.27
5/7/2020 16:00,264.36
5/8/2020 16:00,268.78
5/11/2020 16:00,268.82
5/12/2020 16:00,263.41
5/13/2020 16:00,258.74
5/14/2020 16:00,261.86
5/15/2020 16:00,263.04
5/18/2020 16:00,271.08
5/19/2020 16:00,268.52
5/20/2020 16:00,272.9
5/21/2020 16:00,270.94
5/22/2020 16:00,271.55
5/26/2020 16:00,275.04
5/27/2020 16:00,279.05
5/28/2020 16:00,278.5
5/29/2020 16:00,279.75
6/1/2020 16:00,280.97
6/2/2020 16:00,283.28
6/3/2020 16:00,287.02
6/4/2020 16:00,286.29
6/5/2020 16:00,293.61
6/8/2020 16:00,297.17
6/9/2020 16:00,295.06
6/10/2020 16:00,293.22
6/11/2020 16:00,276.32
6/12/2020 16:00,279.65
6/15/2020 16:00,282.2
6/16/2020 16:00,287.72
6/17/2020 16:00,286.4
6/18/2020 16:00,286.66
6/19/2020 16:00,284.97
6/22/2020 16:00,286.86
6/23/2020 16:00,288.16
6/24/2020 16:00,280.79
6/25/2020 16:00,283.76
6/26/2020 16:00,277.11
6/29/2020 16:00,279.7
6/30/2020 16:00,283.43
7/1/2020 16:00,285.37
7/2/2020 16:00,286.81
7/6/2020 16:00,291.26
7/7/2020 16:00,288.24
7/8/2020 16:00,290.38
7/9/2020 16:00,288.9
7/10/2020 16:00,291.8
7/13/2020 16:00,289.16
7/14/2020 16:00,293.03
7/15/2020 16:00,295.63
7/16/2020 16:00,294.77
7/17/2020 16:00,295.55
7/20/2020 16:00,298.01
7/21/2020 16:00,298.63
7/22/2020 16:00,300.33
7/23/2020 16:00,296.74
7/24/2020 16:00,294.82
7/27/2020 16:00,296.97
7/28/2020 16:00,295.13
7/29/2020 16:00,298.7
7/30/2020 16:00,297.61
7/31/2020 16:00,300.1
8/3/2020 16:00,301.99
8/4/2020 16:00,303.26
8/5/2020 16:00,305.15
8/6/2020 16:00,307.2
8/7/2020 16:00,307.36
8/10/2020 16:00,308.34
8/11/2020 16:00,305.85
8/12/2020 16:00,310.04
8/13/2020 16:00,309.51
8/14/2020 16:00,309.51
8/17/2020 16:00,310.51
8/18/2020 16:00,311.16
8/19/2020 16:00,309.84
8/20/2020 16:00,310.82
8/21/2020 16:00,311.93
8/24/2020 16:00,315.1
8/25/2020 16:00,316.2
8/26/2020 16:00,319.43
8/27/2020 16:00,320.07
8/28/2020 16:00,322.15
8/31/2020 16:00,321.02
9/1/2020 16:00,324.02
9/2/2020 16:00,328.74
9/3/2020 16:00,317.36
9/4/2020 16:00,314.82
9/8/2020 16:00,306.17
9/9/2020 16:00,312.21
9/10/2020 16:00,306.75
9/11/2020 16:00,306.98
9/14/2020 16:00,310.97
9/15/2020 16:00,312.57
9/16/2020 16:00,311.31
9/17/2020 16:00,308.59
9/18/2020 16:00,305
9/21/2020 16:00,301.69
9/22/2020 16:00,304.74
9/23/2020 16:00,297.68
9/24/2020 16:00,298.5
9/25/2020 16:00,303.28
9/28/2020 16:00,308.36
9/29/2020 16:00,305.3
9/30/2020 16:00,307.65
10/1/2020 16:00,309.6
10/2/2020 16:00,306.72
10/5/2020 16:00,312.08
10/6/2020 16:00,307.72
10/7/2020 16:00,313
10/8/2020 16:00,315.77
10/9/2020 16:00,318.58
10/12/2020 16:00,323.72
10/13/2020 16:00,321.65
10/14/2020 16:00,319.64
10/15/2020 16:00,319.26
10/16/2020 16:00,318.99
